{"cameraMode":{"drawMode":0,"name":"Shaded","section":"Shading Mode"},"sceneLighting":true,"audioPlay":false,"sceneViewState":{"m_AlwaysRefresh":false,"showFog":false,"showSkybox":false,"showFlares":false,"showImageEffects":false,"showParticleSystems":false,"showVisualEffectGraphs":true,"m_FxEnabled":true},"in2DMode":false,"pivot":{"x":-12.421892166137696,"y":0.5183886885643005,"z":1.2948788404464722},"rotation":{"x":0.023570483550429345,"y":-0.9240258932113648,"z":0.05773383751511574,"w":0.37723103165626528},"size":1.2167816162109376,"orthographic":false}